,n (con −1),n (reasignado),neto (con −1),neto (reasignado),polarización (con −1),polarización (reasignado)
App móvil,6,6.0,0.0,0.0,0.33,0.33
"Búsqueda, filtros y comparación",11,14.0,0.73,0.64,0.0,0.14
"Catálogo, stock y precios",12,19.0,-0.5,-0.26,0.33,0.53
Diseño y navegación del sitio,12,13.0,0.33,0.31,0.33,0.31
Experiencia de compra y puntos,13,16.0,0.69,0.56,0.0,0.12
Garantías y políticas claras,4,7.0,0.75,0.86,0.0,0.0
"Pagos, registro y facturación",10,12.0,0.1,0.08,0.4,0.33
"Reclamos de soporte, cobros y demoras",34,39.0,-0.71,-0.56,0.06,0.15
Recomendación de la tienda,7,9.0,0.86,0.78,0.0,0.0
Ruido (sin tópico),26,,0.31,,0.31,
