Topic,Count,CustomName,Representation
-1,26,Ruido (sin tópico),"producto, accesorios, soporte, buena, compatibilidad"
0,34,Soporte y envío,"soporte, correo, chat, tardo, tiempo"
1,13,Compra y puntos,"compra, tienda, puntos, pena, programa"
2,12,Sitio - experiencia - general,"sitio, buena, experiencia, general, virtual"
3,12,Desafíos en el catálogo de marcas,"marcas, stock, producto, disponible, variedad"
4,11,Comparación de productos,"productos, comparar, decidir, busqueda, filtros"
5,10,Pago y cuenta,"pago, registro, proceso, cuenta, crear"
6,7,Tienda de tecnología,"tecnologia, tienda, general, buena, amplio"
7,6,Problemas con la aplicación mobile,"app, movil, celular, funciona, rapido"
8,4,Claro y transparente,"politicas, claro, garantia, comprar, escondida"
