codigo,pais,textos,topicos distintos,neto,topico principal,quejas,topicos con queja,valor comprado
C-02f4a13a,Peru,2,1,-0.5,"1 · correo, soporte, llego",1,"1 · correo, soporte, llego",0.0
C-04b3f046,Chile,2,1,-1.0,"1 · correo, soporte, llego",2,"1 · correo, soporte, llego",0.0
C-05f2f9fd,Colombia,1,1,1.0,"0 · buena, tiendas, producto",0,,0.0
C-0796c15c,Ecuador,5,4,0.6,"0 · buena, tiendas, producto",0,,2897.0
C-0aa896eb,Colombia,5,3,0.0,"2 · caja, llego, pantalla",1,"1 · correo, soporte, llego",3657.0
C-0d5215e6,Peru,1,1,-1.0,"1 · correo, soporte, llego",1,"1 · correo, soporte, llego",0.0
C-0ffe7155,Argentina,1,1,0.0,"2 · caja, llego, pantalla",0,,0.0
C-10821b37,Colombia,1,1,1.0,"0 · buena, tiendas, producto",0,,0.0
C-10d2959b,Peru,11,4,0.7272727272727273,"5 · galaxy, s24, xps",0,,48790.0
C-126d9421,Ecuador,1,1,0.0,"1 · correo, soporte, llego",0,,0.0
C-12a37385,Ecuador,2,2,-1.0,"0 · buena, tiendas, producto",2,"0 · buena, tiendas, producto | 2 · caja, llego, pantalla",2499.0
C-1518c4d5,Peru,1,1,0.0,"1 · correo, soporte, llego",0,,0.0
C-17be428d,Argentina,2,2,0.5,"3 · ningun, llego, acer",0,,1958.0
C-1b7044c9,Colombia,2,1,0.5,"2 · caja, llego, pantalla",0,,3799.0
C-1be00e20,Chile,1,1,-1.0,"1 · correo, soporte, llego",1,"1 · correo, soporte, llego",0.0
C-23255965,Colombia,2,2,0.5,"1 · correo, soporte, llego",0,,399.0
C-23e1d290,Uruguay,2,2,0.0,"0 · buena, tiendas, producto",1,"0 · buena, tiendas, producto",0.0
C-251cf595,Ecuador,2,1,1.0,"3 · ningun, llego, acer",0,,89.0
C-26aebf92,Ecuador,2,2,-1.0,"1 · correo, soporte, llego",2,"1 · correo, soporte, llego | 2 · caja, llego, pantalla",1799.0
C-274c1e78,Chile,2,2,0.5,"0 · buena, tiendas, producto",0,,1999.0
C-27baaf45,Peru,3,2,0.0,"2 · caja, llego, pantalla",1,"2 · caja, llego, pantalla",449.0
C-28bf2f84,Chile,2,2,0.5,"0 · buena, tiendas, producto",0,,1399.0
C-291b04df,Chile,2,1,-0.5,"1 · correo, soporte, llego",1,"1 · correo, soporte, llego",0.0
C-2bafd967,Mexico,4,3,0.0,"1 · correo, soporte, llego",1,"1 · correo, soporte, llego",1348.0
C-2de05697,Argentina,1,1,0.0,"1 · correo, soporte, llego",0,,1699.0
C-361d48f9,Peru,2,2,0.5,"0 · buena, tiendas, producto",0,,599.0
C-3656e203,Uruguay,1,1,1.0,"0 · buena, tiendas, producto",0,,0.0
C-38b59ef5,Uruguay,1,1,0.0,"2 · caja, llego, pantalla",0,,249.0
C-3c770c88,Chile,3,3,0.0,"0 · buena, tiendas, producto",1,"4 · proceso, pago, esperaba",1799.0
C-3e4d3385,Colombia,3,2,0.3333333333333333,"0 · buena, tiendas, producto",0,,3499.0
C-404f85cc,Peru,1,1,1.0,"0 · buena, tiendas, producto",0,,0.0
C-462ba8bb,Peru,3,3,0.6666666666666666,"0 · buena, tiendas, producto",0,,2398.0
C-4f820fe0,Mexico,3,3,1.0,"1 · correo, soporte, llego",0,,189.0
C-4fc31528,Peru,1,1,0.0,"2 · caja, llego, pantalla",0,,0.0
C-4fce5e2e,Uruguay,1,1,-1.0,"1 · correo, soporte, llego",1,"1 · correo, soporte, llego",0.0
C-56c2818f,Peru,1,1,1.0,"3 · ningun, llego, acer",0,,0.0
C-583f803b,Peru,2,1,-0.5,"1 · correo, soporte, llego",1,"1 · correo, soporte, llego",0.0
C-584205f3,Argentina,4,3,0.5,"3 · ningun, llego, acer",0,,2897.0
C-5f882266,Chile,1,1,1.0,"0 · buena, tiendas, producto",0,,0.0
C-5fc403c9,Mexico,2,2,-1.0,"0 · buena, tiendas, producto",2,"0 · buena, tiendas, producto | 1 · correo, soporte, llego",2299.0
C-6228c599,Argentina,2,2,0.5,"0 · buena, tiendas, producto",0,,799.0
C-625e5b4a,Chile,2,2,0.0,"0 · buena, tiendas, producto",1,"1 · correo, soporte, llego",2799.0
C-630a6362,Ecuador,2,2,-0.5,"1 · correo, soporte, llego",1,"1 · correo, soporte, llego",0.0
C-660b014e,Peru,4,3,0.25,"1 · correo, soporte, llego",1,"1 · correo, soporte, llego",2698.0
C-6993bd27,Peru,2,1,0.0,"0 · buena, tiendas, producto",0,,0.0
C-71d65bbf,Peru,4,4,0.25,"0 · buena, tiendas, producto",1,"0 · buena, tiendas, producto",1597.0
C-723e8d47,Peru,2,2,0.5,"4 · proceso, pago, esperaba",0,,0.0
C-72bb1a26,Argentina,1,1,1.0,"3 · ningun, llego, acer",0,,0.0
C-7463e8ba,Colombia,2,2,-0.5,"1 · correo, soporte, llego",1,"1 · correo, soporte, llego",6999.0
C-756dd6dd,Mexico,3,3,0.6666666666666666,"0 · buena, tiendas, producto",0,,8398.0
C-7ae40488,Peru,2,2,0.0,"4 · proceso, pago, esperaba",1,"1 · correo, soporte, llego",0.0
C-7baf0cd1,Ecuador,2,2,-0.5,"0 · buena, tiendas, producto",1,"1 · correo, soporte, llego",0.0
C-7e3da7f7,Argentina,2,1,0.5,"0 · buena, tiendas, producto",0,,0.0
C-7f89c475,Colombia,1,1,1.0,"3 · ningun, llego, acer",0,,999.0
C-82db662b,Peru,6,5,0.16666666666666669,"1 · correo, soporte, llego",2,"1 · correo, soporte, llego | 7 · sitio, general, leer",5256.0
C-87ff0efd,Peru,4,4,0.0,"7 · sitio, general, leer",1,"0 · buena, tiendas, producto",2648.0
C-89867460,Argentina,2,2,-1.0,"1 · correo, soporte, llego",2,"0 · buena, tiendas, producto | 1 · correo, soporte, llego",0.0
C-8af75f14,Colombia,1,1,1.0,"5 · galaxy, s24, xps",0,,0.0
C-8c76b776,Chile,2,2,0.5,"0 · buena, tiendas, producto",0,,2199.0
C-8e080668,Peru,6,4,0.5,"0 · buena, tiendas, producto",1,"1 · correo, soporte, llego",19196.0
C-8fdc3bfc,Peru,1,1,0.0,"7 · sitio, general, leer",0,,0.0
C-90e9eb11,Peru,2,2,0.5,"0 · buena, tiendas, producto",0,,5999.0
C-92ba1db0,Mexico,2,2,-0.5,"2 · caja, llego, pantalla",1,"2 · caja, llego, pantalla",3598.0
C-93521af3,Argentina,2,1,-0.5,"2 · caja, llego, pantalla",1,"2 · caja, llego, pantalla",3299.0
C-93b2b2f7,Mexico,1,1,0.0,"7 · sitio, general, leer",0,,0.0
C-94b496c8,Peru,3,3,0.0,"4 · proceso, pago, esperaba",1,"7 · sitio, general, leer",279.0
C-9d0df815,Peru,2,1,-1.0,"1 · correo, soporte, llego",2,"1 · correo, soporte, llego",0.0
C-9e0c2c8c,Peru,2,2,0.0,"0 · buena, tiendas, producto",1,"2 · caja, llego, pantalla",999.0
C-9ed9a09e,Chile,2,2,-1.0,"1 · correo, soporte, llego",2,"1 · correo, soporte, llego | 2 · caja, llego, pantalla",4798.0
C-a0a5cc14,Colombia,2,2,0.0,"0 · buena, tiendas, producto",0,,0.0
C-a0b81c35,Peru,3,3,-0.6666666666666666,"0 · buena, tiendas, producto",2,"1 · correo, soporte, llego | 2 · caja, llego, pantalla",5999.0
C-a3b12299,Colombia,1,1,1.0,"0 · buena, tiendas, producto",0,,0.0
C-a78ee728,Mexico,1,1,0.0,"1 · correo, soporte, llego",0,,0.0
C-a94fcc84,Argentina,2,2,0.5,"0 · buena, tiendas, producto",0,,3299.0
C-ac9a60de,Argentina,1,1,-1.0,"2 · caja, llego, pantalla",1,"2 · caja, llego, pantalla",0.0
C-acefa649,Peru,2,2,-0.5,"0 · buena, tiendas, producto",1,"2 · caja, llego, pantalla",399.0
C-aee80058,Uruguay,3,3,0.0,"0 · buena, tiendas, producto",1,"2 · caja, llego, pantalla",15798.0
C-b268fd31,Peru,2,1,0.0,"2 · caja, llego, pantalla",1,"2 · caja, llego, pantalla",1499.0
C-b872a31e,Argentina,6,5,0.16666666666666666,"4 · proceso, pago, esperaba",1,"4 · proceso, pago, esperaba",15495.0
C-bce8d249,Chile,3,3,0.3333333333333333,"4 · proceso, pago, esperaba",0,,999.0
C-c03fc254,Peru,2,2,0.5,"0 · buena, tiendas, producto",0,,349.0
C-c0baecc7,Argentina,3,3,0.3333333333333333,"1 · correo, soporte, llego",0,,249.0
C-c0fff482,Peru,3,3,0.0,"4 · proceso, pago, esperaba",1,"1 · correo, soporte, llego",449.0
C-c8302b58,Chile,2,1,0.0,"0 · buena, tiendas, producto",0,,0.0
C-cabbdcbd,Peru,3,3,-0.3333333333333333,"4 · proceso, pago, esperaba",2,"1 · correo, soporte, llego | 4 · proceso, pago, esperaba",349.0
C-cd2d596e,Ecuador,1,1,1.0,"0 · buena, tiendas, producto",0,,0.0
C-d058be8c,Uruguay,3,3,0.3333333333333333,"6 · xiaomi, tv, hervidor",0,,2637.0
C-d1208041,Peru,1,1,-1.0,"1 · correo, soporte, llego",1,"1 · correo, soporte, llego",0.0
C-d1e65463,Peru,1,1,1.0,"0 · buena, tiendas, producto",0,,0.0
C-d273ca98,Uruguay,2,2,-1.0,"0 · buena, tiendas, producto",2,"0 · buena, tiendas, producto | 7 · sitio, general, leer",0.0
C-d60d5353,Ecuador,1,1,0.0,"2 · caja, llego, pantalla",0,,699.0
C-d878c16e,Peru,3,2,0.0,"2 · caja, llego, pantalla",0,,698.0
C-dab9a746,Mexico,2,2,0.0,"6 · xiaomi, tv, hervidor",1,"6 · xiaomi, tv, hervidor",5298.0
C-dc41ad07,Ecuador,3,3,-0.3333333333333333,"0 · buena, tiendas, producto",2,"0 · buena, tiendas, producto | 2 · caja, llego, pantalla",2198.0
C-e18ccad9,Peru,2,2,1.0,"7 · sitio, general, leer",0,,0.0
C-e3aa103b,Ecuador,4,4,0.75,"0 · buena, tiendas, producto",0,,6197.0
C-e4dc970b,Peru,2,2,0.5,"0 · buena, tiendas, producto",0,,699.0
C-eb6f7feb,Colombia,2,1,-1.0,"0 · buena, tiendas, producto",2,"0 · buena, tiendas, producto",0.0
C-f65e0062,Chile,3,2,0.6666666666666666,"0 · buena, tiendas, producto",0,,2299.0
C-f6f94537,Uruguay,2,2,-0.5,"1 · correo, soporte, llego",1,"1 · correo, soporte, llego",799.0
C-f7516fe8,Argentina,4,3,0.25,"3 · ningun, llego, acer",0,,1597.0
C-fc81f112,Peru,5,4,0.6,"0 · buena, tiendas, producto",0,,10997.0
C-fd455c99,Mexico,1,1,0.0,"0 · buena, tiendas, producto",0,,0.0
C-fdc673ae,Peru,3,3,-0.3333333333333333,"0 · buena, tiendas, producto",2,"1 · correo, soporte, llego | 2 · caja, llego, pantalla",999.0
C-ff4dc28e,Peru,3,2,-0.6666666666666666,"0 · buena, tiendas, producto",2,"0 · buena, tiendas, producto | 1 · correo, soporte, llego",699.0
