nombre,n,%NEG,%NEU,%POS,neto,polarizacion,calif. promedio
"Catálogo, stock y precios",19,0.53,0.21,0.26,-0.26,0.53,2.79
App móvil,6,0.17,0.67,0.17,0.0,0.33,3.17
"Pagos, registro y facturación",12,0.17,0.58,0.25,0.08,0.33,3.33
Diseño y navegación del sitio,13,0.15,0.38,0.46,0.31,0.31,3.77
"Reclamos de soporte, cobros y demoras",39,0.64,0.28,0.08,-0.56,0.15,2.23
"Búsqueda, filtros y comparación",14,0.07,0.21,0.71,0.64,0.14,3.86
Experiencia de compra y puntos,16,0.06,0.31,0.62,0.56,0.12,4.06
Garantías y políticas claras,7,0.0,0.14,0.86,0.86,0.0,5.0
Recomendación de la tienda,9,0.0,0.22,0.78,0.78,0.0,4.22
