categoria,n,%NEG,neto,polarizacion,calif. promedio,tópico más frecuente
Electrodomesticos Inteligentes,12,0.17,-0.17,0.0,3.33,"6 · xiaomi, tv, hervidor"
Smartphones,13,0.31,0.08,0.62,3.0,"2 · caja, llego, pantalla"
Wearables y Fitness,12,0.17,0.08,0.33,3.5,"2 · caja, llego, pantalla"
Audio,13,0.38,0.15,0.77,4.0,"2 · caja, llego, pantalla"
Accesorios y Componentes,12,0.08,0.17,0.17,3.5,"2 · caja, llego, pantalla"
Televisores y Video,13,0.23,0.31,0.46,3.77,"6 · xiaomi, tv, hervidor"
Gaming y Consolas,12,0.08,0.33,0.17,4.0,"3 · ningun, llego, acer"
Fotografia y Video,11,0.09,0.36,0.18,3.45,"3 · ningun, llego, acer"
Laptops y Computadoras,12,0.17,0.42,0.33,3.67,"3 · ningun, llego, acer"
